,object_index,x,y,barycenter_ra,barycenter_dec,aperture_flux,aperture_flux_error,time,flux_radius,gaussian_fwhm,background,threshold,flux_max,isoarea_image,prof_rms_major_axis,prof_rms_minor_axis,pos_angle,flags
157,158,364.6474,114.7847,354.6411654,42.6831838,15054.59,105.4286,0.0,1.456,2.79,62.95153,24.78594,1787.147,51.0,1.394,1.129,-42.19,0
158,159,362.7264,117.5604,354.6412253,42.6831924,15130.9,105.3365,0.006333333333333333,1.418,2.63,62.75475,24.76867,1825.155,47.0,1.304,1.126,-56.22,0
159,160,344.7611,142.3386,354.6412248,42.6831678,15097.48,104.6018,0.06333333333333334,1.421,2.74,59.85789,24.60026,1683.433,47.0,1.334,1.091,-53.01,0
89,90,438.0022,611.5846,354.6413025,42.6833523,12516.99,103.5839,0.6459999999999999,1.253,2.15,55.16995,24.38247,1951.681,38.0,1.155,0.999,-46.31,0
101,102,439.894,609.5469,354.6413133,42.683141,12157.16,103.5925,0.6523333333333333,1.24,2.22,55.36835,24.32418,1891.751,40.0,1.112,1.014,-32.55,0
81,82,422.3272,601.1591,354.6413419,42.6833832,14796.74,103.4915,0.6586666666666666,1.296,2.47,55.42777,24.33484,1878.581,42.0,1.202,0.994,-48.68,0
103,104,464.6435,609.752,354.6413331,42.683185,9240.448,103.5742,0.665,1.21,2.26,55.13744,24.34997,1395.443,34.0,1.149,0.923,-13.16,0
81,82,467.5647,607.1054,354.6412447,42.683167,14573.76,103.2362,0.6713333333333332,1.314,2.45,55.19058,24.27481,2096.775,40.0,1.194,1.013,-56.96,0
79,80,470.2242,604.7816,354.6412701,42.6833376,14521.19,103.2625,0.6776666666666666,1.173,1.94,55.40401,24.26812,2559.726,37.0,1.038,0.965,-39.63,0
85,86,472.7788,602.3768,354.6412835,42.6833632,14318.54,103.2585,0.6839999999999999,1.267,2.55,55.14754,24.27147,2154.645,37.0,1.183,0.94,-39.26,0
86,87,483.1411,574.4833,354.6413037,42.6831624,14704.58,103.2323,0.6903333333333334,1.304,2.66,55.00625,24.24389,1964.399,43.0,1.215,0.988,-35.18,0
160,161,342.935,145.4306,354.641219,42.6831687,14729.17,104.2548,0.06966666666666667,1.38,2.82,60.16043,24.50999,1930.326,42.0,1.28,1.039,-42.29,0
151,152,516.8005,471.0071,354.6412343,42.6831266,8379.923,103.5969,0.6966666666666667,1.218,1.92,55.12626,24.38554,1591.515,37.0,1.186,0.97,-49.14,0
122,123,518.5082,469.1011,354.6413203,42.683322,6531.289,103.3157,0.703,1.15,2.04,54.81898,24.27204,1120.049,26.0,0.967,0.94,-39.63,0
92,93,591.5602,486.6172,354.6413324,42.6831415,14620.65,103.102,0.7093333333333333,1.377,2.91,54.67809,24.23469,1769.056,42.0,1.316,0.954,-40.77,0
97,98,594.2321,484.0671,354.6412717,42.6831502,14431.86,103.4536,0.7156666666666667,1.392,3.07,54.77925,24.31733,1589.27,42.0,1.333,0.981,-41.48,0
97,98,596.9408,481.7374,354.6413136,42.6831386,14404.85,103.3108,0.722,1.281,2.75,54.5858,24.2709,2169.763,40.0,1.215,0.924,-40.0,0
130,131,599.3776,479.6183,354.6413157,42.6831214,5405.582,103.0467,0.7283333333333334,1.04,1.87,55.10423,24.22168,1051.633,22.0,1.005,0.771,-24.79,0
70,71,707.5713,710.5594,354.6412621,42.683105,7106.005,103.9675,0.7346666666666666,1.033,1.84,55.08641,24.42517,1174.271,28.0,0.954,0.893,-33.46,0
55,56,709.6165,708.8941,354.6413473,42.6831713,15244.48,103.0407,0.741,1.248,2.38,54.70726,24.24171,2201.281,40.0,1.232,0.911,-35.85,0
57,58,712.2411,706.3155,354.6413317,42.6831618,14859.51,103.2594,0.7473333333333333,1.25,2.61,54.73085,24.27168,1949.563,40.0,1.235,0.896,-41.36,0
58,59,715.0925,703.957,354.6412921,42.6831477,15047.26,103.3023,0.7536666666666666,1.341,2.85,54.9154,24.2689,1996.971,44.0,1.278,0.97,-30.15,0
160,161,340.9606,148.1946,354.6411689,42.6831744,15119.16,104.5336,0.07599999999999998,1.419,2.82,59.93068,24.58425,1707.195,47.0,1.343,1.066,-45.06,0
31,32,782.7538,861.1313,354.6412723,42.6831461,12350.5,103.634,0.76,1.322,2.6,54.70208,24.35544,1706.327,36.0,1.21,0.977,-66.5,0
31,32,785.0228,859.1307,354.6412884,42.6831487,15134.71,102.8386,0.7663333333333333,1.233,2.16,54.48535,24.18989,2647.708,36.0,1.135,0.888,-29.34,0
27,28,787.8288,856.8937,354.6413238,42.6831727,15147.91,103.4241,0.7726666666666666,1.333,2.58,54.18343,24.3233,2077.068,43.0,1.307,0.959,-43.31,0
29,30,790.5103,854.4753,354.6412852,42.6831805,14975.46,103.4064,0.7789999999999999,1.261,2.47,54.6167,24.2762,1850.798,36.0,1.18,0.935,-25.77,0
30,31,793.3429,852.1145,354.6413347,42.6831951,14940.81,103.3874,0.7853333333333333,1.312,2.76,54.4012,24.2803,1968.522,39.0,1.251,0.909,-39.79,0
28,29,796.1094,849.9117,354.6413201,42.6831812,14968.42,103.0296,0.7916666666666666,1.25,2.26,54.18859,24.19203,2508.296,36.0,1.152,0.874,-25.95,0
29,30,799.0682,847.5392,354.6413258,42.6831938,15298.89,103.1329,0.7979999999999999,1.353,2.81,54.1916,24.22483,1828.495,41.0,1.249,0.994,-40.67,0
36,37,801.8945,845.243,354.6412855,42.6831665,15108.38,103.2538,0.8043333333333332,1.268,2.27,54.20284,24.25749,2393.799,40.0,1.203,0.924,-33.4,0
26,27,805.3405,842.8523,354.6414955,42.6833131,15122.71,103.367,0.8106666666666666,1.649,4.01,54.386,24.30557,1442.799,54.0,1.602,1.132,-30.02,0
34,35,807.7643,840.4531,354.6412983,42.6831717,15358.65,103.3969,0.817,1.249,2.36,54.31018,24.30831,2026.228,38.0,1.126,0.979,-47.24,0
160,161,338.9921,150.915,354.6412112,42.68318,14830.36,104.0692,0.08233333333333333,1.313,2.44,59.93003,24.48803,2183.046,40.0,1.2,1.026,-55.58,0
35,36,810.3428,838.0497,354.6413081,42.6831675,15225.72,102.6887,0.8233333333333334,1.331,2.73,54.46534,24.14607,1997.397,45.0,1.285,0.964,-29.98,0
32,33,813.2571,835.8319,354.6412941,42.6831762,15172.24,102.8473,0.8296666666666666,1.23,2.42,54.28055,24.18764,2389.101,38.0,1.185,0.912,-39.35,0
32,33,816.0228,833.4389,354.6413192,42.6831824,14802.49,102.7616,0.836,1.266,2.48,54.7241,24.15466,2053.644,39.0,1.195,0.933,-18.06,0
28,29,818.9887,831.1207,354.6412854,42.6831754,15189.92,103.0872,0.8423333333333333,1.306,2.83,54.59134,24.24836,2177.747,38.0,1.229,0.895,-34.27,0
30,31,822.2778,828.6631,354.6413269,42.683206,15059.11,103.3297,0.8486666666666667,1.365,2.54,54.71842,24.26676,1962.799,44.0,1.244,1.058,-31.13,0
35,36,824.8024,826.4413,354.641315,42.683188,15149.68,103.2225,0.855,1.329,2.88,54.60645,24.28018,1773.405,38.0,1.297,0.877,-36.23,0
30,31,827.7314,824.0718,354.6413364,42.6831878,15116.8,103.0915,0.8613333333333333,1.287,2.84,54.51456,24.21937,2028.592,35.0,1.208,0.867,-34.91,0
31,32,830.6873,821.6561,354.6414251,42.6832407,15214.44,103.2649,0.8676666666666667,1.429,3.24,54.24739,24.25156,1757.188,43.0,1.405,0.945,-45.76,0
39,40,833.4891,819.7025,354.6413074,42.6831797,14826.15,103.2726,0.874,1.214,2.49,54.37221,24.25335,2107.251,34.0,1.151,0.873,-25.82,0
33,34,836.4257,817.3199,354.6413572,42.6832104,14853.33,102.7064,0.8803333333333332,1.31,2.76,54.8503,24.15024,1799.078,39.0,1.282,0.901,-39.8,0
158,159,336.8076,153.6753,354.6412438,42.6831719,14901.08,104.2258,0.08866666666666666,1.452,2.95,59.87523,24.51184,1803.948,44.0,1.345,1.085,-45.91,0
33,34,839.4097,815.2922,354.6413182,42.6831695,15138.83,103.2708,0.8866666666666667,1.19,2.41,54.38948,24.29154,2272.372,40.0,1.182,0.898,-31.35,0
36,37,842.4012,812.9724,354.6413231,42.6831791,14916.35,102.8584,0.8929999999999999,1.238,2.51,54.24555,24.19883,2317.391,34.0,1.176,0.844,-28.34,0
38,39,845.2045,810.8721,354.6413406,42.6831754,15049.57,103.0969,0.8993333333333333,1.252,2.48,54.69669,24.25064,2365.206,35.0,1.137,0.898,-30.44,0
36,37,848.151,808.4416,354.6413342,42.6831856,15075.87,103.1617,0.9056666666666666,1.249,2.47,54.1214,24.253,1983.721,39.0,1.191,0.916,-27.9,0
28,29,851.4355,806.0508,354.6416377,42.6833495,14870.08,103.5987,0.9119999999999999,1.777,4.65,54.04745,24.35144,1325.099,57.0,1.802,1.13,-44.06,0
33,34,854.035,803.6782,354.6412852,42.6831557,14819.36,102.6036,0.9183333333333333,1.248,2.38,54.51839,24.13033,2226.03,38.0,1.131,0.954,-42.75,0
35,36,856.9341,801.2094,354.6412763,42.683176,15213.93,102.9678,0.9246666666666666,1.35,3.0,54.42887,24.216,2087.386,41.0,1.284,0.926,-38.29,0
42,43,859.856,798.7128,354.6412718,42.6831664,15091.13,103.4009,0.931,1.279,2.7,54.33924,24.28349,1923.372,39.0,1.229,0.907,-40.7,0
39,40,865.813,794.3843,354.6413096,42.6831753,15088.15,103.0392,0.9436666666666665,1.222,2.43,53.90509,24.22422,2194.25,38.0,1.149,0.905,-29.56,0
39,40,868.9269,792.3466,354.6413444,42.6831809,15100.07,102.7237,0.95,1.346,2.79,53.96074,24.13722,1848.713,39.0,1.26,0.946,-34.23,0
161,162,334.661,156.5912,354.6411932,42.6831869,14853.93,103.6395,0.095,1.336,2.49,60.20102,24.37395,2125.795,44.0,1.254,1.056,-54.33,0
38,39,871.9091,789.9125,354.6413473,42.6831927,15136.99,103.0412,0.9563333333333333,1.3,2.67,54.04801,24.19048,2238.292,40.0,1.242,0.888,-30.79,0
35,36,874.9077,787.5908,354.641347,42.6831808,15075.64,103.0921,0.9626666666666667,1.314,2.8,53.52511,24.24952,1956.861,41.0,1.253,0.901,-39.52,0
37,38,878.005,785.3369,354.6413327,42.6831747,14953.0,102.7211,0.969,1.292,2.74,53.49698,24.15796,2096.776,39.0,1.247,0.89,-38.17,0
41,42,881.2217,782.9996,354.6413683,42.6831606,14682.67,102.8632,0.9753333333333333,1.31,2.92,53.82393,24.19997,1926.709,35.0,1.254,0.869,-37.21,0
38,39,884.0704,780.6862,354.6414432,42.6832036,14836.07,103.2795,0.9816666666666667,1.406,3.04,53.68248,24.25071,1888.812,47.0,1.387,0.987,-41.37,0
37,38,887.1384,778.4036,354.6413954,42.6831931,14736.85,102.8414,0.9879999999999999,1.322,2.95,54.3196,24.18626,1826.796,36.0,1.271,0.844,-32.67,0
43,44,890.7173,775.541,354.6418338,42.6833257,19052.48,103.134,0.9943333333333334,1.835,7.93,53.54441,24.22081,3877.707,39.0,2.062,0.852,-44.53,0
42,43,893.1617,773.6854,354.641412,42.6831313,18962.32,102.9786,1.0006666666666666,1.109,1.67,53.44431,24.20568,5130.284,41.0,1.113,0.873,-37.88,0
41,42,895.6622,772.0001,354.6411534,42.6829667,18639.03,102.789,1.007,1.762,7.51,53.35847,24.18679,3850.108,41.0,1.883,0.839,-23.23,0
46,47,899.5839,769.4119,354.6413121,42.68316,14868.68,102.8919,1.0133333333333334,1.25,2.48,53.33353,24.20243,1982.495,39.0,1.186,0.954,-26.27,0
162,163,332.4895,159.3381,354.6412693,42.6831822,14681.18,104.2951,0.10133333333333333,1.444,2.97,59.90948,24.50214,1978.469,43.0,1.397,1.006,-56.12,0
40,41,902.5477,767.356,354.6413396,42.6831745,15053.36,102.9085,1.0196666666666665,1.28,2.71,53.36349,24.19775,2002.745,42.0,1.276,0.909,-29.71,0
46,47,905.4974,764.9727,354.6413772,42.6831736,15012.16,102.9497,1.026,1.244,2.47,53.43085,24.21602,2233.462,37.0,1.198,0.86,-24.19,0
45,46,908.6865,762.7565,354.6413971,42.6831829,15147.79,102.7591,1.0323333333333333,1.326,3.04,52.69408,24.14556,1784.849,39.0,1.325,0.875,-38.97,0
45,46,911.882,760.624,354.6413661,42.6831811,15239.83,102.6071,1.0386666666666666,1.251,2.55,53.4011,24.13117,2154.195,38.0,1.241,0.852,-31.47,0
43,44,914.9622,758.3314,354.6413672,42.6831658,14944.19,102.6388,1.045,1.36,3.08,53.3975,24.13007,2012.219,34.0,1.307,0.854,-35.45,0
45,46,918.5267,756.3202,354.6413425,42.6831509,15082.88,102.8615,1.0513333333333332,1.142,2.24,53.35336,24.14829,2341.664,35.0,1.061,0.902,-30.27,0
47,48,921.5297,754.0702,354.6413851,42.6832032,15173.13,102.5865,1.0576666666666668,1.273,2.78,53.11853,24.10499,2034.071,39.0,1.241,0.885,-36.4,0
51,52,924.5251,751.9523,354.6413444,42.6831825,15087.07,102.8931,1.064,1.291,2.79,53.22277,24.18559,1983.701,41.0,1.23,0.936,-33.95,0
50,51,927.7368,749.7224,354.6413505,42.6831667,14815.67,103.1174,1.0703333333333331,1.239,2.7,53.379,24.2169,2014.492,36.0,1.21,0.859,-29.43,0
47,48,931.0331,747.4352,354.6413489,42.6831588,15010.5,102.952,1.0766666666666667,1.356,2.66,53.10839,24.18233,1854.666,41.0,1.302,0.959,-41.74,0
159,160,330.5419,161.9867,354.6412107,42.6831837,14901.72,103.9728,0.10766666666666666,1.289,2.34,59.31564,24.4437,2404.534,42.0,1.219,1.002,-37.57,0
55,56,934.1484,745.1998,354.6413276,42.683161,15022.46,102.4535,1.083,1.239,2.27,53.21968,24.10783,2403.968,39.0,1.136,0.952,-37.52,0
50,51,937.133,743.2862,354.6413591,42.6831793,14805.0,102.8316,1.0893333333333333,1.301,2.67,53.24904,24.1498,2006.075,37.0,1.237,0.901,-39.25,0
49,50,940.2146,740.7672,354.6413558,42.6831817,15127.48,102.7257,1.0956666666666666,1.31,2.73,52.95734,24.14196,1866.94,42.0,1.269,0.965,-31.88,0
48,49,943.9333,738.5484,354.6413034,42.683168,15109.08,103.1929,1.1019999999999999,1.269,2.3,53.1366,24.24319,2126.122,39.0,1.142,0.997,-29.48,0
49,50,947.1127,736.2913,354.6413448,42.6831985,14986.2,102.8659,1.1083333333333334,1.347,2.98,52.83725,24.14931,1808.026,38.0,1.259,0.933,-29.68,0
51,52,949.8682,734.134,354.6413544,42.6831981,15089.72,102.5254,1.1146666666666667,1.336,2.84,52.75985,24.08213,1904.185,37.0,1.26,0.914,-31.31,0
54,55,952.8971,732.1489,354.6413343,42.6831471,14768.29,103.4073,1.121,1.272,2.16,53.19408,24.27643,2367.957,42.0,1.178,0.966,-24.39,0
53,54,956.732,729.8296,354.6414229,42.6832153,15000.36,102.8755,1.1273333333333333,1.398,3.22,52.50745,24.18999,1637.797,41.0,1.362,0.94,-31.16,0
47,48,959.8842,727.5007,354.6413512,42.6831704,14995.88,102.5694,1.1336666666666666,1.307,2.49,52.79353,24.08397,1811.984,37.0,1.213,0.938,-42.43,0
51,52,962.8974,725.5073,354.6413242,42.6831756,15021.83,102.7751,1.14,1.284,2.6,52.74962,24.14503,2017.837,40.0,1.211,0.916,-32.14,0
158,159,328.4209,164.8363,354.6411939,42.6831856,15065.14,104.045,0.11399999999999999,1.393,2.72,59.33777,24.45634,1709.684,45.0,1.306,1.052,-62.41,0
51,52,966.0979,723.6993,354.6413385,42.6831786,15066.88,102.6697,1.1463333333333332,1.322,2.83,52.87432,24.12453,1927.159,39.0,1.291,0.897,-26.01,0
53,54,969.2889,721.3226,354.641365,42.6831895,14953.21,102.6791,1.1526666666666667,1.317,2.74,52.66192,24.10546,1902.603,40.0,1.236,0.923,-44.91,0
52,53,972.5953,719.2542,354.6413447,42.6831621,14919.76,102.6749,1.159,1.253,2.6,52.59609,24.14283,2110.955,35.0,1.183,0.897,-32.19,0
56,57,975.7281,716.988,354.6413616,42.683193,15055.49,102.381,1.165333333333333,1.264,2.65,52.86194,24.08224,2116.497,41.0,1.201,0.925,-37.56,0
54,55,978.8929,715.1197,354.641348,42.6831738,14888.29,102.5353,1.1716666666666666,1.339,2.65,52.61931,24.07596,2011.381,38.0,1.246,0.932,-32.45,0
50,51,981.9939,712.7972,354.6413626,42.6831758,14977.39,102.5857,1.178,1.326,2.77,53.05428,24.15178,1939.966,36.0,1.243,0.903,-32.21,0
56,57,985.0931,710.8084,354.6414105,42.6832081,15267.17,102.3929,1.1843333333333335,1.326,2.83,53.19847,24.08504,2061.335,41.0,1.261,0.939,-26.04,0
49,50,988.3754,708.6064,354.6413454,42.6831667,15008.79,102.3429,1.1906666666666665,1.298,2.57,52.45007,24.06477,1979.334,35.0,1.199,0.923,-31.19,0
58,59,992.1577,706.4261,354.6413219,42.6831525,15131.35,102.4353,1.1969999999999998,1.279,2.41,52.7751,24.07797,2123.68,39.0,1.166,0.969,-47.54,0
55,56,995.1541,704.4381,354.6412924,42.6831533,15004.55,102.5704,1.2033333333333334,1.299,2.63,53.1531,24.10548,1920.481,41.0,1.212,0.961,-23.13,0
160,161,326.2191,167.4155,354.641222,42.6831789,15100.93,104.3277,0.12033333333333333,1.345,2.38,59.03866,24.52279,2055.252,46.0,1.244,1.117,-63.47,0
50,51,998.5978,702.3474,354.6413678,42.6831935,14847.02,103.2404,1.2096666666666667,1.431,3.58,52.59114,24.28869,1713.323,41.0,1.373,0.933,-30.9,0
61,62,975.4928,671.9634,354.6412658,42.6831137,10201.02,102.8629,1.2603333333333333,1.138,2.05,52.29499,24.18276,1627.766,28.0,0.975,0.906,-38.86,0
78,79,689.3997,677.577,354.641289,42.6831556,7949.006,102.8978,1.2666666666666666,1.105,2.03,51.55776,24.20811,1169.533,30.0,1.023,0.935,-23.46,0
132,133,360.8806,120.2227,354.6412884,42.6832007,14458.25,105.1124,0.012666666666666666,1.635,3.24,62.41938,24.72036,1357.015,65.0,1.776,1.184,-84.0,0
155,156,324.0872,170.1587,354.6412389,42.6831807,14690.62,103.9546,0.12666666666666668,1.404,2.81,59.13311,24.43941,1586.133,41.0,1.283,1.063,-40.44,0
62,63,691.8179,676.0601,354.6413502,42.6831989,14763.4,103.0031,1.273,1.339,2.81,51.67987,24.21573,2009.65,40.0,1.29,0.931,-35.34,0
57,58,694.838,673.8499,354.6412091,42.6831643,14846.66,102.8324,1.2793333333333332,1.378,2.68,51.76483,24.16704,1833.533,43.0,1.347,1.011,-85.41,0
70,71,697.396,671.8139,354.6412887,42.6831343,14855.99,102.1035,1.2856666666666667,1.29,2.98,51.3403,24.02549,2008.593,39.0,1.255,0.903,-26.76,0
68,69,700.4152,669.9208,354.641313,42.683138,14738.43,102.333,1.2919999999999998,1.208,2.22,51.32614,24.07948,2426.044,42.0,1.151,0.934,-27.1,0
70,71,703.4577,667.9603,354.641309,42.6831612,14747.04,102.6178,1.2983333333333333,1.276,2.66,51.57788,24.13369,2037.268,36.0,1.17,0.892,-25.19,0
68,69,706.5161,665.9823,354.6413087,42.6831701,14973.38,102.4737,1.3046666666666666,1.254,2.62,51.75144,24.10831,2191.816,39.0,1.223,0.885,-30.51,0
70,71,709.651,663.7133,354.6413212,42.6831955,14762.73,102.2904,1.311,1.28,2.95,51.62984,24.03542,2222.206,39.0,1.238,0.9,-28.4,0
72,73,712.6638,661.9686,354.641298,42.6831617,14676.4,102.1771,1.3173333333333332,1.273,2.83,51.30925,24.02153,2189.344,37.0,1.224,0.863,-32.64,0
68,69,715.9794,659.8105,354.6413288,42.6831853,15116.95,102.5188,1.3236666666666665,1.294,2.58,51.14987,24.11039,2343.085,41.0,1.276,0.886,-29.65,0
68,69,719.0198,657.9313,354.6413634,42.6832132,14831.33,102.316,1.33,1.367,3.14,51.53821,24.07123,2100.362,43.0,1.362,0.909,-38.83,0
154,155,322.0642,172.9113,354.6412267,42.683179,14934.48,104.13,0.133,1.405,2.94,59.08261,24.45902,1757.012,45.0,1.312,1.082,-42.77,0
73,74,722.1581,655.8631,354.6412935,42.6831798,15036.44,102.4434,1.3363333333333332,1.281,2.65,51.47002,24.0884,2191.341,43.0,1.229,0.948,-25.95,0
68,69,725.3675,653.9838,354.6413342,42.6831832,14638.54,102.19,1.3426666666666665,1.322,2.91,50.9904,24.01608,2058.395,42.0,1.305,0.899,-35.82,0
69,70,728.6523,651.9899,354.6413149,42.6831468,14913.64,102.5395,1.349,1.259,2.49,51.62025,24.10674,2458.454,37.0,1.191,0.896,-26.75,0
73,74,731.7182,649.9894,354.6412803,42.6831512,14718.42,102.3572,1.3553333333333333,1.234,2.62,51.38891,24.08091,2494.618,36.0,1.207,0.865,-35.15,0
71,72,734.9215,647.9124,354.6413682,42.6831655,14821.43,102.6439,1.3616666666666666,1.256,2.35,51.19257,24.0972,2508.184,41.0,1.292,0.898,-39.73,0
73,74,738.2237,645.9437,354.6412998,42.683189,14845.8,102.3158,1.3679999999999999,1.256,2.76,51.24096,24.05415,2408.061,38.0,1.225,0.851,-33.56,0
71,72,741.4944,644.0491,354.6412799,42.6831484,14995.15,102.5241,1.3743333333333332,1.272,2.58,51.06779,24.06483,2240.489,38.0,1.206,0.913,-25.71,0
69,70,744.778,641.9878,354.6413233,42.68318,14554.52,102.6852,1.3806666666666667,1.284,2.83,51.3414,24.141,2172.823,36.0,1.217,0.86,-32.34,0
78,79,748.008,640.0728,354.641284,42.6831624,14891.26,102.2536,1.3869999999999998,1.291,2.68,51.38032,24.05228,2332.625,37.0,1.237,0.857,-19.51,0
71,72,751.7115,638.1492,354.6413239,42.6831972,14902.11,102.5833,1.3933333333333333,1.303,3.08,51.09864,24.09998,1938.019,38.0,1.312,0.826,-22.04,0
154,155,320.0872,175.6683,354.6412121,42.6831816,14927.37,104.3223,0.13933333333333334,1.372,2.64,58.19139,24.49987,1993.286,43.0,1.268,1.061,-41.74,0
79,80,755.3093,636.1668,354.6413117,42.6831799,14955.05,102.7098,1.3996666666666666,1.251,2.94,51.34723,24.14676,2143.105,37.0,1.239,0.853,-32.95,0
70,71,758.6562,634.1594,354.641333,42.6831851,14860.01,102.5963,1.406,1.303,2.79,51.13226,24.12435,2018.505,49.0,1.38,0.985,-37.88,0
67,68,761.8206,632.131,354.6412538,42.683142,14864.38,101.9173,1.4123333333333332,1.326,2.5,50.93365,23.97741,2371.196,40.0,1.33,0.896,-35.44,0
74,75,765.3858,629.9641,354.6413132,42.6831607,14762.91,102.0258,1.4186666666666665,1.257,2.58,50.91743,23.98171,2281.534,37.0,1.208,0.864,-28.94,0
74,75,768.5804,628.1588,354.641295,42.6831693,14761.1,102.2478,1.425,1.214,2.56,50.36783,24.03391,2406.965,37.0,1.213,0.82,-34.97,0
72,73,772.0605,625.7061,354.6412892,42.6831806,15027.01,102.3521,1.4313333333333333,1.275,2.62,50.54465,24.05417,2234.952,38.0,1.235,0.892,-26.73,0
69,70,776.0916,623.6293,354.6412862,42.6831699,14785.87,102.269,1.4376666666666664,1.155,2.07,51.14489,24.04739,2624.329,37.0,1.092,0.894,-34.36,0
78,79,779.2899,621.8556,354.6412951,42.6831598,15107.48,102.3591,1.444,1.207,2.39,50.52205,24.05156,2698.438,40.0,1.186,0.88,-13.39,0
68,69,782.8113,619.7808,354.6413562,42.6832372,14842.88,102.4109,1.4503333333333333,1.431,3.93,50.74828,24.08927,1699.953,40.0,1.417,0.889,-31.03,0
69,70,786.3989,618.0565,354.6412899,42.6831809,15027.77,101.9305,1.4566666666666668,1.424,4.15,50.75454,23.97629,1922.751,43.0,1.407,0.868,-21.59,0
158,159,318.0027,178.2321,354.641229,42.6831708,14734.71,104.0563,0.14566666666666664,1.415,2.75,58.71784,24.46766,1813.644,45.0,1.349,1.048,-45.44,0
70,71,789.8502,616.0328,354.641314,42.6831918,14907.75,102.3114,1.4629999999999999,1.352,3.51,51.10137,24.05312,1921.97,38.0,1.303,0.86,-31.73,0
67,68,793.3801,614.2766,354.6412898,42.6831581,14729.99,101.9621,1.4693333333333332,1.192,2.57,50.69416,23.98797,2163.918,36.0,1.16,0.865,-28.1,0
78,79,796.7855,612.1626,354.6413017,42.6831599,14778.63,102.5315,1.4756666666666667,1.254,2.87,51.21343,24.1006,2242.535,37.0,1.236,0.866,-20.35,0
73,74,800.4644,610.2501,354.6413076,42.6831489,14842.84,102.4124,1.482,1.253,2.73,51.10611,24.0726,2157.368,36.0,1.235,0.849,-35.35,0
69,70,803.5242,608.2029,354.6412861,42.6831611,14963.61,102.2733,1.4883333333333333,1.207,2.5,50.76453,24.05691,2235.225,40.0,1.222,0.866,-21.28,0
74,75,807.3687,606.5455,354.6412933,42.683171,14942.04,102.1368,1.4946666666666666,1.203,2.48,51.05872,24.01631,2312.169,37.0,1.195,0.865,-21.2,0
76,77,810.5993,604.7054,354.6412924,42.6831486,14974.67,101.7412,1.501,1.171,2.48,50.88713,23.94023,2463.917,40.0,1.179,0.873,-15.0,0
78,79,814.5344,603.0336,354.6413009,42.6831766,14957.13,102.4965,1.5073333333333332,1.296,2.73,50.92821,24.10942,2181.777,36.0,1.277,0.829,-24.38,0
82,83,818.0304,600.9657,354.6413222,42.6831796,14958.0,101.9967,1.5136666666666665,1.254,2.63,50.86806,23.97065,2395.482,39.0,1.265,0.835,-22.46,0
72,73,821.6901,598.9099,354.6412634,42.6831372,14967.8,102.6306,1.52,1.373,3.58,51.04229,24.09832,1989.131,42.0,1.322,0.928,-30.02,0
165,166,315.71,181.0872,354.6412053,42.6831934,14775.32,104.0027,0.15199999999999997,1.327,2.68,59.02969,24.4162,2055.558,44.0,1.297,1.004,-41.87,0
78,79,825.1431,597.47,354.6412153,42.6832514,15964.42,102.0368,1.5263333333333333,1.263,7.01,51.47789,23.97159,2570.93,32.0,1.414,0.973,27.55,0
73,74,828.3719,595.4713,354.6412723,42.683152,14629.06,102.3879,1.5326666666666666,1.24,2.99,51.1967,24.07534,1891.445,35.0,1.222,0.843,-19.17,0
74,75,831.8379,593.9598,354.6413187,42.6831541,14741.96,102.3018,1.539,1.243,2.3,51.308,24.03386,2530.177,35.0,1.197,0.82,-25.98,0
64,65,835.7799,592.0074,354.6414725,42.6833556,14737.26,101.8564,1.5453333333333332,1.606,5.27,51.04665,23.95461,1665.711,43.0,1.729,0.817,-18.99,0
72,73,736.8066,646.4685,354.6412533,42.6831369,12385.61,102.5625,1.5516666666666667,1.131,2.3,51.31791,24.12068,1913.979,34.0,1.105,0.89,-20.94,0
71,72,739.6578,645.1511,354.6413002,42.6831648,14930.04,102.2809,1.5579999999999998,1.263,2.82,50.96033,24.05018,2109.197,40.0,1.241,0.898,-36.66,0
70,71,742.8811,643.0583,354.6413117,42.683169,14915.38,102.4353,1.5643333333333331,1.208,2.29,51.13274,24.05671,2612.725,38.0,1.173,0.869,-22.58,0
70,71,745.856,641.3592,354.641274,42.6831535,14687.73,102.3289,1.5706666666666667,1.193,2.5,50.69033,24.06147,2269.934,37.0,1.17,0.865,-27.0,0
72,73,748.9964,639.5355,354.6412695,42.6831296,15099.23,102.3331,1.577,1.184,3.03,50.85209,24.06672,2138.183,40.0,1.189,0.861,-14.01,0
73,74,752.2503,637.7608,354.6413072,42.6831804,14878.16,102.4751,1.5833333333333333,1.26,2.82,50.35093,24.08732,2213.873,37.0,1.232,0.86,-36.42,0
160,161,313.5108,183.7538,354.6412477,42.6831887,14502.53,103.9407,0.15833333333333333,1.348,2.6,58.45436,24.42319,1910.426,45.0,1.28,1.038,-59.74,0
71,72,755.4296,636.0492,354.6412934,42.6831752,14842.96,102.2084,1.5896666666666666,1.231,2.41,50.26484,24.03314,2406.001,40.0,1.237,0.867,-21.4,0
65,66,758.8771,634.1786,354.641301,42.6831676,15027.35,102.118,1.5959999999999999,1.396,3.39,50.60233,24.02038,1780.254,43.0,1.368,0.945,-26.26,0
74,75,762.0366,632.6287,354.6413103,42.6831762,14908.26,102.3893,1.6023333333333334,1.262,2.8,50.65536,24.06291,2175.821,40.0,1.277,0.867,-19.36,0
67,68,765.3265,630.3596,354.6412956,42.6831657,15029.96,102.103,1.6086666666666665,1.298,2.66,50.63086,24.00835,1920.696,46.0,1.284,0.987,-31.28,0
74,75,768.8133,629.144,354.6412774,42.6831498,15027.66,102.3799,1.615,1.235,2.61,51.18446,24.0692,2353.333,39.0,1.201,0.872,-20.4,0
72,73,772.5077,626.9001,354.6412808,42.6831472,14792.25,101.7748,1.6213333333333333,1.193,2.36,50.83678,23.91426,2363.633,36.0,1.171,0.847,-19.53,0
66,67,775.8062,625.3196,354.6412878,42.6831678,14776.06,102.1554,1.6276666666666666,1.294,2.97,51.23514,24.04621,1975.528,39.0,1.282,0.866,-23.4,0
69,70,779.4561,623.5323,354.6413294,42.6832011,14739.28,102.2357,1.634,1.277,2.93,50.68392,24.01833,2100.007,41.0,1.298,0.868,-23.02,0
72,73,782.9938,621.9711,354.6413086,42.683163,14920.87,102.097,1.6403333333333332,1.259,2.53,50.69556,24.01118,2529.334,35.0,1.208,0.812,-23.33,0
77,78,786.763,620.0679,354.6413328,42.6831565,15101.09,102.0686,1.6466666666666667,1.327,2.92,50.16481,24.00027,2088.685,41.0,1.282,0.887,-21.73,0
147,148,311.1967,186.468,354.6412377,42.6832004,14697.46,103.7978,0.16466666666666666,1.53,2.92,58.73674,24.41119,1430.623,47.0,1.358,1.193,-51.03,0
64,65,790.275,618.2279,354.6414705,42.6832805,15011.1,102.2232,1.653,1.447,4.06,50.07427,24.04938,1696.329,44.0,1.422,0.921,-39.06,0
67,68,794.0193,616.4521,354.6412875,42.6831416,14990.98,102.2044,1.659333333333333,1.33,2.67,50.3707,24.01945,1703.153,43.0,1.221,1.032,-38.64,0
72,73,797.1628,614.9161,354.641345,42.683207,15109.63,102.0469,1.6656666666666666,1.329,3.37,50.30915,23.99092,1997.222,39.0,1.292,0.882,-28.09,0
71,72,800.9543,613.2469,354.6413327,42.6831866,14691.72,102.4338,1.672,1.329,3.28,49.7743,24.09467,1813.805,39.0,1.346,0.844,-16.1,0
70,71,804.7529,611.2573,354.6412879,42.6831486,15061.12,102.1502,1.6783333333333332,1.289,2.86,50.48992,24.01521,2024.976,39.0,1.267,0.88,-24.08,0
73,74,808.7789,609.6894,354.6412863,42.6831548,14715.38,101.8421,1.6846666666666665,1.191,2.44,50.76938,23.9555,2187.026,40.0,1.195,0.876,-20.11,0
70,71,812.5926,607.6173,354.6413636,42.683148,14903.95,102.0874,1.6909999999999998,1.385,2.88,50.55158,24.01743,1842.161,43.0,1.349,0.919,-24.22,0
71,72,816.1622,605.9532,354.6412864,42.6831589,14782.86,102.3403,1.6973333333333334,1.296,2.72,50.6476,24.0514,2053.161,36.0,1.244,0.876,-23.07,0
70,71,820.1028,603.8627,354.6413114,42.6831888,14861.41,102.4196,1.7036666666666667,1.316,2.93,50.40657,24.05728,2213.371,38.0,1.283,0.851,-31.26,0
74,75,823.9087,602.019,354.6413716,42.6831897,14932.98,102.2214,1.71,1.335,3.31,50.50886,24.05748,2055.283,37.0,1.342,0.827,-26.03,0
143,144,309.4062,188.6387,354.6411394,42.6831928,14552.96,103.8397,0.17099999999999999,1.57,3.03,58.46095,24.42105,1463.093,51.0,1.521,1.129,-72.04,0
72,73,827.4196,599.897,354.6413199,42.683163,14903.43,102.2035,1.7163333333333333,1.299,2.78,50.30063,24.04902,2203.914,38.0,1.263,0.843,-21.4,0
72,73,831.2645,598.224,354.6412138,42.6830446,14663.28,101.9638,1.7226666666666666,1.431,3.5,50.506,23.97986,2277.964,41.0,1.413,0.877,-27.96,0
74,75,835.09,596.1978,354.6412362,42.6831405,14841.84,101.6778,1.7289999999999999,1.243,2.22,50.37963,23.92532,2474.66,36.0,1.17,0.877,-28.86,0
74,75,838.5649,594.9304,354.6413303,42.6831698,14718.24,102.1299,1.7353333333333334,1.294,2.54,50.91402,24.01894,2157.804,36.0,1.312,0.837,-19.06,0
73,74,842.678,592.8701,354.6412865,42.6831632,15038.91,102.1199,1.7416666666666667,1.297,2.62,50.68198,23.98266,2080.885,39.0,1.251,0.882,-8.24,0
69,70,845.9278,591.1566,354.6413322,42.683192,14664.25,102.2691,1.748,1.35,2.91,50.44423,24.05167,1988.56,41.0,1.381,0.891,-22.39,0
75,76,850.2296,589.5593,354.6412737,42.6831498,14753.62,102.1547,1.754333333333333,1.203,2.52,50.6987,23.99929,2196.638,37.0,1.192,0.849,-18.31,0
79,80,853.6942,587.89,354.6412376,42.6831062,15051.37,102.2494,1.7606666666666664,1.241,2.39,50.23182,24.00881,2373.917,38.0,1.153,0.914,-25.59,0
77,78,856.8367,586.3233,354.6413077,42.6831708,14909.78,101.9407,1.7670000000000001,1.293,2.9,50.31721,23.97867,1882.341,41.0,1.28,0.898,-15.63,0
70,71,860.6978,584.5391,354.6413359,42.6832077,14928.43,102.4244,1.7733333333333334,1.413,3.41,50.52946,24.06266,1830.927,42.0,1.394,0.904,-33.96,0
167,168,307.5229,191.3055,354.6412228,42.6832082,14711.33,104.3522,0.17733333333333332,1.31,2.3,57.74099,24.5069,1932.154,43.0,1.209,1.079,-32.81,0
79,80,864.7515,582.6601,354.64128,42.683148,14858.53,102.144,1.7796666666666665,1.231,2.67,50.41589,24.01799,2012.937,41.0,1.223,0.895,-16.04,0
78,79,868.2742,580.7789,354.6412487,42.6831181,14824.92,102.0268,1.7859999999999998,1.261,2.69,50.52053,23.99469,2000.962,40.0,1.253,0.904,-28.33,0
76,77,872.0046,579.3771,354.6412519,42.6831393,14876.92,102.1036,1.7923333333333331,1.372,3.46,50.21195,24.0085,1895.7,41.0,1.381,0.873,-18.25,0
79,80,875.6886,577.7081,354.6413141,42.6831144,14737.5,102.1242,1.7986666666666666,1.298,3.32,49.93712,23.97943,1831.674,37.0,1.298,0.846,-19.08,0
73,74,879.3353,576.212,354.641364,42.6831761,14819.07,102.3611,1.805,1.372,3.41,50.28254,24.06906,1891.119,41.0,1.389,0.877,-21.77,0
79,80,883.4679,574.4095,354.6413272,42.6831279,14854.38,102.5469,1.8113333333333332,1.252,3.3,50.11624,24.11701,2111.806,36.0,1.247,0.848,-21.62,0
81,82,886.8704,572.9828,354.6414038,42.683177,14932.07,101.9991,1.8176666666666665,1.343,3.04,50.24329,23.99667,1994.366,41.0,1.327,0.88,-23.09,0
80,81,890.6836,571.1172,354.6413399,42.6831221,14786.94,102.6743,1.8239999999999998,1.312,2.8,50.22538,24.10008,1993.263,37.0,1.241,0.884,-28.26,0
75,76,894.3131,569.4748,354.6413776,42.6831751,14713.58,102.2278,1.8303333333333334,1.334,3.15,50.29385,23.99952,1883.366,37.0,1.312,0.88,-25.63,0
78,79,898.1006,567.4139,354.6414102,42.6832132,15017.59,102.0837,1.8366666666666667,1.396,3.34,50.62226,24.02934,1870.088,44.0,1.382,0.929,-25.83,0
165,166,305.4294,193.2138,354.6411674,42.6831839,14960.87,103.7915,0.18366666666666664,1.329,2.61,57.74686,24.39244,1926.769,46.0,1.279,1.069,-48.27,0
84,85,902.0864,565.8135,354.6413279,42.6831256,14979.99,101.8126,1.843,1.275,2.83,50.36492,23.94855,2126.371,38.0,1.238,0.851,-18.92,0
82,83,905.7651,564.3727,354.6412959,42.6831116,14941.59,101.8913,1.8493333333333333,1.184,2.77,50.21704,23.94586,2331.022,37.0,1.174,0.834,-13.04,0
88,89,909.241,562.7948,354.6413504,42.6831381,14724.82,102.4738,1.8556666666666664,1.255,2.75,50.3006,24.0998,2297.838,36.0,1.238,0.841,-26.5,0
79,80,912.8718,561.2624,354.6413196,42.6830927,14646.28,101.9125,1.862,1.196,2.5,49.97353,23.94238,2221.809,35.0,1.166,0.844,-16.29,0
81,82,917.3408,559.3101,354.6413141,42.6831292,14795.53,102.181,1.8683333333333334,1.267,3.08,50.22551,24.00124,1945.86,38.0,1.226,0.873,-25.89,0
80,81,920.9487,558.0672,354.6413261,42.6831159,14663.49,102.0634,1.8746666666666665,1.29,2.6,50.74846,23.97784,2292.767,38.0,1.24,0.858,-19.29,0
81,82,924.5054,556.5001,354.6412833,42.6831214,14729.92,102.0763,1.8809999999999998,1.195,2.54,50.1759,23.98512,2032.308,37.0,1.165,0.907,-21.36,0
79,80,928.1104,554.751,354.6412831,42.6830946,14778.02,102.5081,1.887333333333333,1.296,2.49,50.04283,24.08658,2174.757,39.0,1.241,0.935,-29.01,0
81,82,932.1153,553.0231,354.6413924,42.683195,14707.08,101.7646,1.8936666666666668,1.532,5.12,50.30707,23.93301,1404.219,37.0,1.535,0.847,-19.77,0
163,164,358.9155,123.1199,354.6412036,42.6831522,14951.31,104.8618,0.018999999999999996,1.393,2.78,61.89973,24.61356,1743.414,46.0,1.328,1.059,-42.78,0
154,155,303.2341,195.6973,354.6412367,42.6831953,14897.01,103.6527,0.19,1.272,2.35,58.17186,24.37707,2220.82,43.0,1.192,1.076,-57.03,0
160,161,301.197,197.9004,354.6412165,42.6832067,14945.46,103.6755,0.19633333333333333,1.312,2.51,57.89785,24.38675,2044.991,40.0,1.203,1.049,-42.0,0
156,157,299.0781,200.2373,354.641239,42.6831883,14616.29,103.3625,0.20266666666666666,1.327,2.53,58.11624,24.30881,1894.464,41.0,1.243,1.036,-38.75,0
152,153,297.1473,202.4107,354.6412213,42.6831963,14618.42,103.9482,0.209,1.298,2.42,58.36391,24.43792,2001.136,40.0,1.193,1.048,-46.65,0
157,158,294.9373,204.5836,354.6412083,42.6831666,15008.05,103.8024,0.21533333333333332,1.352,2.79,58.48669,24.41226,2121.902,41.0,1.277,1.022,-39.1,0
154,155,292.888,206.7071,354.6412439,42.6832109,15024.72,104.261,0.22166666666666668,1.363,2.52,58.19509,24.47685,2273.992,43.0,1.226,1.084,-52.79,0
151,152,290.8101,209.0585,354.6412536,42.6831984,14992.44,103.7034,0.22799999999999998,1.452,2.97,57.7266,24.38037,1808.184,48.0,1.374,1.125,-59.15,0
151,152,288.6187,211.64,354.6412413,42.6832012,15022.12,103.6482,0.2343333333333333,1.35,2.58,57.81738,24.36308,2037.156,46.0,1.251,1.085,-48.81,0
149,150,286.4649,213.7367,354.6412373,42.6832152,14894.07,104.0684,0.24066666666666667,1.379,2.66,57.77897,24.43594,1993.153,49.0,1.327,1.086,-50.97,0
149,150,284.0227,216.3671,354.6412457,42.6831909,14970.47,103.6035,0.24699999999999997,1.385,2.65,57.71823,24.35257,1860.142,44.0,1.282,1.091,-54.37,0
156,157,357.0178,125.698,354.6412298,42.683194,14764.28,104.6319,0.025333333333333333,1.345,2.42,61.77767,24.61606,2150.558,41.0,1.217,1.047,-41.74,0
148,149,282.1521,218.524,354.6412365,42.6831968,14810.89,103.6447,0.25333333333333335,1.31,2.46,57.52744,24.36224,2087.553,41.0,1.216,1.053,-44.54,0
154,155,280.0545,220.8083,354.6412518,42.6831909,14901.1,103.6682,0.25966666666666666,1.301,2.33,57.30513,24.38071,2380.686,43.0,1.2,1.046,-53.84,0
153,154,277.7855,222.9481,354.6412199,42.6831884,14690.19,103.5446,0.266,1.361,2.75,56.89011,24.34302,2135.905,44.0,1.278,1.044,-54.66,0
146,147,275.4467,225.4858,354.6412438,42.6831753,14940.2,103.8746,0.2723333333333333,1.301,2.27,56.8757,24.41629,1844.036,44.0,1.206,1.099,-66.1,0
149,150,273.3134,228.2265,354.641203,42.683171,15117.46,103.3456,0.2786666666666667,1.39,2.69,57.14022,24.30914,1816.124,45.0,1.314,1.075,-53.07,0
151,152,271.244,230.5236,354.6412121,42.6831744,14968.77,104.0335,0.285,1.424,2.61,57.25496,24.45363,1794.704,46.0,1.301,1.136,-43.81,0
149,150,268.9466,232.8067,354.6412485,42.6831736,14960.17,103.6328,0.2913333333333333,1.396,2.5,56.72666,24.36806,2064.359,48.0,1.297,1.097,-40.57,0
151,152,266.7368,235.1096,354.6412217,42.6831863,14863.89,103.5175,0.29766666666666663,1.381,2.61,57.021,24.31516,1942.685,46.0,1.316,1.096,-54.39,0
152,153,264.6789,237.8127,354.641226,42.6832051,15068.21,103.4518,0.30399999999999994,1.405,2.83,56.70642,24.33843,2034.396,49.0,1.298,1.128,-50.23,0
145,146,262.4081,239.9424,354.6411974,42.6831761,14700.01,103.8118,0.3103333333333333,1.36,2.58,56.81026,24.41015,1948.073,45.0,1.219,1.102,-47.99,0
159,160,354.9941,128.3764,354.641203,42.6831639,14683.94,104.8868,0.03166666666666667,1.349,2.54,60.85339,24.66293,1983.868,41.0,1.264,1.039,-50.59,0
140,141,260.1335,242.6148,354.6412079,42.6831674,15005.46,103.7036,0.31666666666666665,1.443,2.92,56.90017,24.39336,1865.686,47.0,1.354,1.104,-45.57,0
148,149,257.7994,244.9443,354.6412218,42.6831925,15047.27,103.2572,0.32299999999999995,1.394,2.7,56.94374,24.29266,2081.605,44.0,1.292,1.083,-55.76,0
147,148,255.5669,247.3938,354.6412147,42.6831927,14731.9,103.6322,0.3293333333333333,1.283,2.32,57.02995,24.36362,1996.627,41.0,1.19,1.051,-29.53,0
145,146,253.2584,249.7539,354.6412073,42.6831897,15312.97,103.6141,0.3356666666666666,1.368,2.65,56.80067,24.35936,1924.789,41.0,1.255,1.059,-45.95,0
146,147,251.0073,252.4228,354.6412186,42.683198,14691.05,103.3954,0.34199999999999997,1.371,2.59,56.93673,24.31224,2028.093,45.0,1.271,1.11,-45.18,0
148,149,248.6665,254.9719,354.6412109,42.6831747,14875.25,103.4839,0.34833333333333333,1.435,3.1,56.56726,24.33305,1842.68,44.0,1.332,1.075,-52.29,0
142,143,246.3256,257.3434,354.6412257,42.6831671,14844.41,103.4869,0.35466666666666663,1.311,2.56,56.3541,24.31657,1969.281,43.0,1.256,1.049,-43.98,0
147,148,243.8988,259.4592,354.641197,42.6832062,14938.17,103.1405,0.361,1.395,2.74,56.373,24.22661,2145.147,47.0,1.343,1.092,-37.58,0
151,152,241.611,261.8836,354.6412282,42.6831887,14977.39,103.1409,0.3673333333333333,1.378,2.69,56.13368,24.26529,2296.35,44.0,1.281,1.061,-41.05,0
135,136,239.2187,264.3484,354.6412198,42.6831853,14855.19,103.398,0.37366666666666665,1.382,2.53,56.37295,24.29996,1747.92,44.0,1.287,1.103,-56.23,0
152,153,353.0577,130.9917,354.6412466,42.6831728,14989.12,104.6152,0.03799999999999999,1.386,2.62,61.08493,24.59908,1848.286,44.0,1.287,1.082,-54.06,0
143,144,236.8855,266.7343,354.6412358,42.6832096,14918.47,103.3229,0.38,1.365,2.68,56.14374,24.26517,2192.017,44.0,1.249,1.111,-52.82,0
147,148,234.4904,269.2567,354.6412189,42.6831756,14876.43,103.7809,0.3863333333333333,1.355,2.52,55.93675,24.38133,1937.913,48.0,1.337,1.078,-54.29,0
137,138,232.276,271.7062,354.6411999,42.6831841,15044.15,103.7543,0.39266666666666666,1.4,2.63,56.00927,24.36649,1759.826,40.0,1.281,1.092,-52.28,0
139,140,229.8276,274.1565,354.6412428,42.6831722,14722.04,103.3354,0.39899999999999997,1.34,2.52,55.98069,24.28525,1965.786,43.0,1.281,1.056,-43.01,0
146,147,227.6104,276.382,354.6411963,42.6831715,14999.77,103.1358,0.4053333333333333,1.341,2.56,56.50228,24.26409,1796.421,42.0,1.261,1.06,-49.68,0
145,146,225.3254,279.001,354.6412233,42.6831852,14503.18,103.5739,0.4116666666666667,1.365,2.64,55.81274,24.36716,1977.698,38.0,1.244,1.029,-36.5,0
135,136,222.754,281.6053,354.6412284,42.6831739,14672.05,102.8536,0.418,1.45,2.99,55.68361,24.18913,1781.831,45.0,1.336,1.101,-47.08,0
142,143,220.3899,284.038,354.6412186,42.6831839,14929.38,102.9546,0.42433333333333334,1.303,2.46,56.22864,24.20861,2234.716,42.0,1.221,1.042,-39.59,0
144,145,218.1322,286.1944,354.6412167,42.6831562,14742.61,103.3499,0.43066666666666664,1.341,2.68,55.99607,24.31015,1865.857,44.0,1.273,1.024,-36.34,0
141,142,215.7646,288.3522,354.6412174,42.6832067,14701.97,103.6795,0.437,1.38,2.6,55.97985,24.37042,1862.836,44.0,1.276,1.083,-41.2,0
156,157,350.9406,133.8356,354.6412184,42.6831764,14945.24,104.2888,0.04433333333333333,1.437,2.82,60.96236,24.52665,1781.208,46.0,1.319,1.111,-38.91,0
135,136,213.3167,290.5373,354.6412242,42.6831645,14807.84,103.083,0.44333333333333336,1.391,2.66,56.48153,24.22593,1805.914,43.0,1.263,1.083,-43.65,0
131,132,210.9553,292.8011,354.6412081,42.6831663,14981.98,103.2676,0.44966666666666666,1.36,2.7,55.92823,24.2994,2067.656,44.0,1.281,1.053,-51.75,0
138,139,208.5145,295.0846,354.6412324,42.6831818,14849.9,103.6591,0.45599999999999996,1.344,2.48,55.58926,24.33984,2099.009,39.0,1.219,1.031,-52.84,0
133,134,206.1455,297.1118,354.6412252,42.6831699,14950.04,103.2256,0.4623333333333333,1.395,2.71,56.08327,24.24659,1802.668,49.0,1.344,1.107,-42.65,0
130,131,203.9087,298.9117,354.6411988,42.6831617,14794.35,103.6934,0.4686666666666666,1.388,2.64,55.58465,24.34359,2001.81,43.0,1.264,1.089,-32.72,0
138,139,201.6015,301.0178,354.6412144,42.6831519,14937.59,103.4606,0.475,1.373,2.7,56.27369,24.34051,2045.577,41.0,1.269,1.038,-46.0,0
136,137,199.2775,303.1368,354.641255,42.6831732,14849.3,103.7092,0.48133333333333334,1.343,2.55,55.98899,24.35589,1941.478,47.0,1.272,1.089,-38.01,0
134,135,196.8015,305.2427,354.6411861,42.6831681,14912.85,103.4683,0.48766666666666664,1.367,2.66,56.26637,24.34232,1839.153,40.0,1.235,1.093,-46.21,0
136,137,194.302,307.6618,354.6412334,42.6831653,15207.59,103.5515,0.49399999999999994,1.333,2.48,55.31193,24.32316,2106.651,45.0,1.275,1.073,-54.11,0
134,135,191.9872,309.7399,354.6411977,42.6831634,15041.29,103.1884,0.5003333333333333,1.376,2.79,55.83651,24.2593,2036.975,43.0,1.262,1.083,-51.87,0
154,155,349.1451,136.7375,354.6412874,42.6831694,15203.13,104.3116,0.050666666666666665,1.505,2.97,60.23217,24.51035,1606.333,52.0,1.416,1.147,-65.57,0
129,130,189.7047,311.6789,354.6412371,42.683181,14855.59,103.6172,0.5066666666666667,1.348,2.64,55.53947,24.33427,2139.5,45.0,1.244,1.053,-23.79,0
116,117,187.4004,313.8525,354.6412494,42.6831683,9979.044,102.179,0.513,1.477,2.71,50.64259,24.04324,1105.135,42.0,1.333,1.113,-71.05,0
164,165,346.9538,139.5471,354.6412205,42.6831879,15245.79,104.4105,0.056999999999999995,1.413,2.52,60.52003,24.55094,1886.273,51.0,1.307,1.157,-48.57,0
